paper1.jpg,0
paper2.jpg,0
paper3.jpg,0
paper4.jpg,0
paper5.jpg,0
paper6.jpg,0
paper7.jpg,0
paper8.jpg,0
paper9.jpg,0
paper10.jpg,0
cardboard1.jpg,0
cardboard2.jpg,0
cardboard3.jpg,0
cardboard4.jpg,0
cardboard5.jpg,0
cardboard6.jpg,0
cardboard7.jpg,0
cardboard8.jpg,0
cardboard9.jpg,0
cardboard10.jpg,0
images(1).jpg,0
images(2).jpg,0
images(3).jpg,0
images(4).jpg,0
images(5).jpg,0
images(6).jpg,0
images(7).jpg,0
images(8).jpg,0
images(9).jpg,0
images(10).jpg,0
images(11).jpg,0
images(12).jpg,0
images(13).jpg,0
images(14).jpg,0
images(15).jpg,0
download(1).jpg,0
download(2).jpg,0
download(3).jpg,0
download(4).jpg,0
download(5).jpg,0
download(6).jpg,0
download(7).jpg,0
download(8).jpg,0
download(9).jpg,0
download(10).jpg,0
download(11).jpg,0
download(12).jpg,0
download(13).jpg,0
download(14).jpg,0
download(15).jpg,0
plastic25.jpg,1
plastic26.jpg,1
plastic27.jpg,1
plastic28.jpg,1
plastic29.jpg,1
plastic30.jpg,1
plastic31.jpg,1
plastic32.jpg,1
plastic33.jpg,1
plastic34.jpg,1
plastic35.jpg,1
plastic36.jpg,1
plastic37.jpg,1
plastic38.jpg,1
plastic39.jpg,1
plastic40.jpg,1
plastic41.jpg,1
plastic42.jpg,1
plastic43.jpg,1
plastic44.jpg,1
metal1.jpg,1
metal2.jpg,1
metal3.jpg,1
metal4.jpg,1
metal5.jpg,1
metal6.jpg,1
metal7.jpg,1
metal8.jpg,1
metal9.jpg,1
metal10.jpg,1
metal11.jpg,1
metal12.jpg,1
metal13.jpg,1
metal14.jpg,1
metal15.jpg,1
glass437.jpg,1
glass438.jpg,1
glass439.jpg,1
glass440.jpg,1
glass441.jpg,1
glass442.jpg,1
glass443.jpg,1
glass444.jpg,1
glass445.jpg,1
glass446.jpg,1
glass447.jpg,1
glass448.jpg,1
glass449.jpg,1
glass450.jpg,1
glass451.jpg,1
